hours,F1,F2,F3,F4,F5,F6,F7,F8,F9,F10,F11,F12
4.0,0.17128913021767958,0.042822282347363516,1.9779736388892244e-12,1.8837676681525505e-12,8.064112481812533e-13,0.14735411013603839,0.14735411013611463,0.0,0.0,0.0,0.2947082202777268,0.1964721468491154
5.0,0.1712891302204865,0.042822282344378015,2.0050332478844576e-12,1.910531824569897e-12,8.27383349138556e-13,0.14735411013603827,0.1473541101361146,0.0,0.0,0.0,0.2947082202777268,0.19647214684911532
6.0,0.17128913021836062,0.04282228234665279,1.985727700038262e-12,1.8927888839579906e-12,8.107993823368782e-13,0.14735411013603844,0.14735411013611463,0.0,0.0,0.0,0.2947082202777269,0.1964721468491155
7.0,0.19647214676952154,0.07027459345612815,1.4219955201446645e-12,1.2027916562209502e-12,1.3807215939791808e-13,0.14115241898842473,0.10092047364973172,0.0,0.0,0.0,0.29470822026520954,0.19647214684058759
8.0,0.04311158638549741,0.1886888618161372,0.05338561621726688,0.020026802431346833,3.657419461301182e-13,0.14623891560905025,0.05736785042511568,0.0,0.0,0.0,0.29470822025876325,0.1964721468295934
9.0,1.8257671717174797e-12,0.04795199118361463,-0.051988867174366564,0.2973480817444522,-2.3648448792863746e-13,0.1473541097588676,0.06815431741131983,0.0,0.0,0.0,0.2947082202381585,0.1964721468109251
10.0,1.8103420727279771e-12,0.04742992546326892,-0.05089894691518112,0.29626468605326683,2.559010701151036e-13,0.14735410977357485,0.06866985854925814,0.0,0.0,0.0,0.294708220237257,0.19647214681012826
11.0,1.7931152640528846e-12,0.04696583928990401,-0.049930293487838756,0.29530068418307653,2.3063750268791647e-13,0.14735410978482746,0.06912929315560595,0.0,0.0,0.0,0.2947082202364994,0.19647214680945918
12.0,1.842254256594418e-12,0.0481488657687038,-0.05240071412554171,0.29775321801429194,1.767981890699652e-14,0.147354109754299,0.06796415351086575,0.0,0.0,0.0,0.29470822023844584,0.1964721468111798
