hours,F1,F2,F3,F4,F5,F6,F7,F8,F9,F10,F11,F12
4.0,34.87295944421241,8.71823982222034,9.95026994132786e-9,1.631485702091595e-8,1.960344775397971e-9,30.00000000210521,30.000000002125432,45.841765737309345,72.57857953994494,299.9999998268553,60.0000000044879,40.000000006482765
5.0,34.87295944476733,8.718239821595859,9.946575119101908e-9,1.6310877981595695e-8,1.957744188985089e-9,30.000000002057476,30.000000002076945,35.76668280095038,61.66390672937291,299.9999997646973,60.00000000445314,40.00000000644627
6.0,34.87295944434723,8.718239822071155,9.949417290044948e-9,1.631394752621418e-8,1.959648443516926e-9,30.000000002093458,30.000000002112913,43.44182530062375,69.97864407101036,300.00000009227836,60.000000004478494,40.00000000647333
7.0,49.03126526448935,14.307288764462896,1.0359599400544539e-8,1.666364823904587e-8,1.9441941390141437e-9,28.737390264850234,20.546520265138867,125.35106097941201,160.51964457746294,299.9999999649338,60.000000006259114,40.000000013115425
8.0,128.0796086684252,42.82932288302733,10.868841658306053,4.077280752142087,1.949054251326743e-9,29.772956211553847,11.679589472254406,123.72607649631288,161.4095179818025,300.0000001623777,151.08156095282482,148.65881440299262
9.0,151.99999999501995,47.178972841778574,19.89027040590588,61.92622706450891,1.9657449001897476e-9,29.99999992727912,13.87561922240505,147.21364566611288,186.88913040599095,299.9999999813404,172.9489308349906,172.0881401973644
10.0,151.9999999950291,47.19107874130074,19.890270393472974,62.05525579409323,1.9597976574914355e-9,29.999999930190427,13.98057886086076,148.08933650893601,187.82930696756895,300.00000025933423,173.3386047843195,172.50564797709427
11.0,151.9999999950366,47.201843145529736,19.890270393173807,62.16998617347326,1.9603518808253284e-9,29.999999932522442,14.074115703377828,148.86798814760172,188.66529831808074,299.9999999002317,173.6850970790947,172.87688971646332
12.0,151.99999999502168,47.182272645318875,19.913099973810404,62.0552558902657,1.961623752322339e-9,29.999999926244783,13.836903525777956,146.8857491723827,186.53759829286753,299.99999987153785,172.82523591711106,171.95560990294243
